date,3M,AMAZON,APPLE,ASML,BOEING,COKE,DISNEY,EXXON,FACEBOOK,IBM,INTEL,JOHNSON,MCDONALDS,MERCK,MICROSOFT,NETFLIX,NVIDIA,PFIZER,SALESFORCE,WALMART,
20100129,-0.037186,-0.037186,-0.037186,-0.037186,-0.037186,-0.037186,-0.037186,-0.037186,,-0.037186,-0.037186,-0.037186,-0.037186,-0.037186,-0.037186,-0.037186,-0.037186,-0.037186,-0.037186,-0.037186,
20100226,0.034754001,0.034754001,0.034754001,0.034754001,0.034754001,0.034754001,0.034754001,0.034754001,,0.034754001,0.034754001,0.034754001,0.034754001,0.034754001,0.034754001,0.034754001,0.034754001,0.034754001,0.034754001,0.034754001,
20100331,0.063688003,0.063688003,0.063688003,0.063688003,0.063688003,0.063688003,0.063688003,0.063688003,,0.063688003,0.063688003,0.063688003,0.063688003,0.063688003,0.063688003,0.063688003,0.063688003,0.063688003,0.063688003,0.063688003,
20100430,0.020039,0.020039,0.020039,0.020039,0.020039,0.020039,0.020039,0.020039,,0.020039,0.020039,0.020039,0.020039,0.020039,0.020039,0.020039,0.020039,0.020039,0.020039,0.020039,
20100528,-0.079267003,-0.079267003,-0.079267003,-0.079267003,-0.079267003,-0.079267003,-0.079267003,-0.079267003,,-0.079267003,-0.079267003,-0.079267003,-0.079267003,-0.079267003,-0.079267003,-0.079267003,-0.079267003,-0.079267003,-0.079267003,-0.079267003,
20100630,-0.050802,-0.050802,-0.050802,-0.050802,-0.050802,-0.050802,-0.050802,-0.050802,,-0.050802,-0.050802,-0.050802,-0.050802,-0.050802,-0.050802,-0.050802,-0.050802,-0.050802,-0.050802,-0.050802,
20100730,0.070384003,0.070384003,0.070384003,0.070384003,0.070384003,0.070384003,0.070384003,0.070384003,,0.070384003,0.070384003,0.070384003,0.070384003,0.070384003,0.070384003,0.070384003,0.070384003,0.070384003,0.070384003,0.070384003,
20100831,-0.042886999,-0.042886999,-0.042886999,-0.042886999,-0.042886999,-0.042886999,-0.042886999,-0.042886999,,-0.042886999,-0.042886999,-0.042886999,-0.042886999,-0.042886999,-0.042886999,-0.042886999,-0.042886999,-0.042886999,-0.042886999,-0.042886999,
20100930,0.091668002,0.091668002,0.091668002,0.091668002,0.091668002,0.091668002,0.091668002,0.091668002,,0.091668002,0.091668002,0.091668002,0.091668002,0.091668002,0.091668002,0.091668002,0.091668002,0.091668002,0.091668002,0.091668002,
20101029,0.038605999,0.038605999,0.038605999,0.038605999,0.038605999,0.038605999,0.038605999,0.038605999,,0.038605999,0.038605999,0.038605999,0.038605999,0.038605999,0.038605999,0.038605999,0.038605999,0.038605999,0.038605999,0.038605999,
20101130,0.005121,0.005121,0.005121,0.005121,0.005121,0.005121,0.005121,0.005121,,0.005121,0.005121,0.005121,0.005121,0.005121,0.005121,0.005121,0.005121,0.005121,0.005121,0.005121,
20101231,0.067212999,0.067212999,0.067212999,0.067212999,0.067212999,0.067212999,0.067212999,0.067212999,,0.067212999,0.067212999,0.067212999,0.067212999,0.067212999,0.067212999,0.067212999,0.067212999,0.067212999,0.067212999,0.067212999,
20110131,0.01919,0.01919,0.01919,0.01919,0.01919,0.01919,0.01919,0.01919,,0.01919,0.01919,0.01919,0.01919,0.01919,0.01919,0.01919,0.01919,0.01919,0.01919,0.01919,
20110228,0.038167998,0.038167998,0.038167998,0.038167998,0.038167998,0.038167998,0.038167998,0.038167998,,0.038167998,0.038167998,0.038167998,0.038167998,0.038167998,0.038167998,0.038167998,0.038167998,0.038167998,0.038167998,0.038167998,
20110331,0.003343,0.003343,0.003343,0.003343,0.003343,0.003343,0.003343,0.003343,,0.003343,0.003343,0.003343,0.003343,0.003343,0.003343,0.003343,0.003343,0.003343,0.003343,0.003343,
20110429,0.028602,0.028602,0.028602,0.028602,0.028602,0.028602,0.028602,0.028602,,0.028602,0.028602,0.028602,0.028602,0.028602,0.028602,0.028602,0.028602,0.028602,0.028602,0.028602,
20110531,-0.014957,-0.014957,-0.014957,-0.014957,-0.014957,-0.014957,-0.014957,-0.014957,,-0.014957,-0.014957,-0.014957,-0.014957,-0.014957,-0.014957,-0.014957,-0.014957,-0.014957,-0.014957,-0.014957,
20110630,-0.018453,-0.018453,-0.018453,-0.018453,-0.018453,-0.018453,-0.018453,-0.018453,,-0.018453,-0.018453,-0.018453,-0.018453,-0.018453,-0.018453,-0.018453,-0.018453,-0.018453,-0.018453,-0.018453,
20110729,-0.02255,-0.02255,-0.02255,-0.02255,-0.02255,-0.02255,-0.02255,-0.02255,,-0.02255,-0.02255,-0.02255,-0.02255,-0.02255,-0.02255,-0.02255,-0.02255,-0.02255,-0.02255,-0.02255,
20110831,-0.057597,-0.057597,-0.057597,-0.057597,-0.057597,-0.057597,-0.057597,-0.057597,,-0.057597,-0.057597,-0.057597,-0.057597,-0.057597,-0.057597,-0.057597,-0.057597,-0.057597,-0.057597,-0.057597,
20110930,-0.085029997,-0.085029997,-0.085029997,-0.085029997,-0.085029997,-0.085029997,-0.085029997,-0.085029997,,-0.085029997,-0.085029997,-0.085029997,-0.085029997,-0.085029997,-0.085029997,-0.085029997,-0.085029997,-0.085029997,-0.085029997,-0.085029997,
20111031,0.114215001,0.114215001,0.114215001,0.114215001,0.114215001,0.114215001,0.114215001,0.114215001,,0.114215001,0.114215001,0.114215001,0.114215001,0.114215001,0.114215001,0.114215001,0.114215001,0.114215001,0.114215001,0.114215001,
20111130,-0.006273,-0.006273,-0.006273,-0.006273,-0.006273,-0.006273,-0.006273,-0.006273,,-0.006273,-0.006273,-0.006273,-0.006273,-0.006273,-0.006273,-0.006273,-0.006273,-0.006273,-0.006273,-0.006273,
20111230,0.003671,0.003671,0.003671,0.003671,0.003671,0.003671,0.003671,0.003671,,0.003671,0.003671,0.003671,0.003671,0.003671,0.003671,0.003671,0.003671,0.003671,0.003671,0.003671,
20120131,0.054140002,0.054140002,0.054140002,0.054140002,0.054140002,0.054140002,0.054140002,0.054140002,,0.054140002,0.054140002,0.054140002,0.054140002,0.054140002,0.054140002,0.054140002,0.054140002,0.054140002,0.054140002,0.054140002,
20120229,0.041253,0.041253,0.041253,0.041253,0.041253,0.041253,0.041253,0.041253,,0.041253,0.041253,0.041253,0.041253,0.041253,0.041253,0.041253,0.041253,0.041253,0.041253,0.041253,
20120330,0.024039,0.024039,0.024039,0.024039,0.024039,0.024039,0.024039,0.024039,,0.024039,0.024039,0.024039,0.024039,0.024039,0.024039,0.024039,0.024039,0.024039,0.024039,0.024039,
20120430,-0.00684,-0.00684,-0.00684,-0.00684,-0.00684,-0.00684,-0.00684,-0.00684,,-0.00684,-0.00684,-0.00684,-0.00684,-0.00684,-0.00684,-0.00684,-0.00684,-0.00684,-0.00684,-0.00684,
20120531,-0.065641001,-0.065641001,-0.065641001,-0.065641001,-0.065641001,-0.065641001,-0.065641001,-0.065641001,,-0.065641001,-0.065641001,-0.065641001,-0.065641001,-0.065641001,-0.065641001,-0.065641001,-0.065641001,-0.065641001,-0.065641001,-0.065641001,
20120629,0.038180999,0.038180999,0.038180999,0.038180999,0.038180999,0.038180999,0.038180999,0.038180999,0.038180999,0.038180999,0.038180999,0.038180999,0.038180999,0.038180999,0.038180999,0.038180999,0.038180999,0.038180999,0.038180999,0.038180999,
20120731,0.010306,0.010306,0.010306,0.010306,0.010306,0.010306,0.010306,0.010306,0.010306,0.010306,0.010306,0.010306,0.010306,0.010306,0.010306,0.010306,0.010306,0.010306,0.010306,0.010306,
20120831,0.026335999,0.026335999,0.026335999,0.026335999,0.026335999,0.026335999,0.026335999,0.026335999,0.026335999,0.026335999,0.026335999,0.026335999,0.026335999,0.026335999,0.026335999,0.026335999,0.026335999,0.026335999,0.026335999,0.026335999,
20120928,0.026532,0.026532,0.026532,0.026532,0.026532,0.026532,0.026532,0.026532,0.026532,0.026532,0.026532,0.026532,0.026532,0.026532,0.026532,0.026532,0.026532,0.026532,0.026532,0.026532,
20121031,-0.014064,-0.014064,-0.014064,-0.014064,-0.014064,-0.014064,-0.014064,-0.014064,-0.014064,-0.014064,-0.014064,-0.014064,-0.014064,-0.014064,-0.014064,-0.014064,-0.014064,-0.014064,-0.014064,-0.014064,
20121130,0.006219,0.006219,0.006219,0.006219,0.006219,0.006219,0.006219,0.006219,0.006219,0.006219,0.006219,0.006219,0.006219,0.006219,0.006219,0.006219,0.006219,0.006219,0.006219,0.006219,
20121231,0.01258,0.01258,0.01258,0.01258,0.01258,0.01258,0.01258,0.01258,0.01258,0.01258,0.01258,0.01258,0.01258,0.01258,0.01258,0.01258,0.01258,0.01258,0.01258,0.01258,
20130131,0.054189,0.054189,0.054189,0.054189,0.054189,0.054189,0.054189,0.054189,0.054189,0.054189,0.054189,0.054189,0.054189,0.054189,0.054189,0.054189,0.054189,0.054189,0.054189,0.054189,
20130228,0.008284,0.008284,0.008284,0.008284,0.008284,0.008284,0.008284,0.008284,0.008284,0.008284,0.008284,0.008284,0.008284,0.008284,0.008284,0.008284,0.008284,0.008284,0.008284,0.008284,
20130328,0.035319999,0.035319999,0.035319999,0.035319999,0.035319999,0.035319999,0.035319999,0.035319999,0.035319999,0.035319999,0.035319999,0.035319999,0.035319999,0.035319999,0.035319999,0.035319999,0.035319999,0.035319999,0.035319999,0.035319999,
20130430,0.014942,0.014942,0.014942,0.014942,0.014942,0.014942,0.014942,0.014942,0.014942,0.014942,0.014942,0.014942,0.014942,0.014942,0.014942,0.014942,0.014942,0.014942,0.014942,0.014942,
20130531,0.019154999,0.019154999,0.019154999,0.019154999,0.019154999,0.019154999,0.019154999,0.019154999,0.019154999,0.019154999,0.019154999,0.019154999,0.019154999,0.019154999,0.019154999,0.019154999,0.019154999,0.019154999,0.019154999,0.019154999,
20130628,-0.015071,-0.015071,-0.015071,-0.015071,-0.015071,-0.015071,-0.015071,-0.015071,-0.015071,-0.015071,-0.015071,-0.015071,-0.015071,-0.015071,-0.015071,-0.015071,-0.015071,-0.015071,-0.015071,-0.015071,
20130731,0.052689999,0.052689999,0.052689999,0.052689999,0.052689999,0.052689999,0.052689999,0.052689999,0.052689999,0.052689999,0.052689999,0.052689999,0.052689999,0.052689999,0.052689999,0.052689999,0.052689999,0.052689999,0.052689999,0.052689999,
20130830,-0.025761001,-0.025761001,-0.025761001,-0.025761001,-0.025761001,-0.025761001,-0.025761001,-0.025761001,-0.025761001,-0.025761001,-0.025761001,-0.025761001,-0.025761001,-0.025761001,-0.025761001,-0.025761001,-0.025761001,-0.025761001,-0.025761001,-0.025761001,
20130930,0.037514001,0.037514001,0.037514001,0.037514001,0.037514001,0.037514001,0.037514001,0.037514001,0.037514001,0.037514001,0.037514001,0.037514001,0.037514001,0.037514001,0.037514001,0.037514001,0.037514001,0.037514001,0.037514001,0.037514001,
20131031,0.039907999,0.039907999,0.039907999,0.039907999,0.039907999,0.039907999,0.039907999,0.039907999,0.039907999,0.039907999,0.039907999,0.039907999,0.039907999,0.039907999,0.039907999,0.039907999,0.039907999,0.039907999,0.039907999,0.039907999,
20131129,0.024972999,0.024972999,0.024972999,0.024972999,0.024972999,0.024972999,0.024972999,0.024972999,0.024972999,0.024972999,0.024972999,0.024972999,0.024972999,0.024972999,0.024972999,0.024972999,0.024972999,0.024972999,0.024972999,0.024972999,
20131231,0.026159,0.026159,0.026159,0.026159,0.026159,0.026159,0.026159,0.026159,0.026159,0.026159,0.026159,0.026159,0.026159,0.026159,0.026159,0.026159,0.026159,0.026159,0.026159,0.026159,
20140131,-0.030046999,-0.030046999,-0.030046999,-0.030046999,-0.030046999,-0.030046999,-0.030046999,-0.030046999,-0.030046999,-0.030046999,-0.030046999,-0.030046999,-0.030046999,-0.030046999,-0.030046999,-0.030046999,-0.030046999,-0.030046999,-0.030046999,-0.030046999,
20140228,0.046225,0.046225,0.046225,0.046225,0.046225,0.046225,0.046225,0.046225,0.046225,0.046225,0.046225,0.046225,0.046225,0.046225,0.046225,0.046225,0.046225,0.046225,0.046225,0.046225,
20140331,0.004544,0.004544,0.004544,0.004544,0.004544,0.004544,0.004544,0.004544,0.004544,0.004544,0.004544,0.004544,0.004544,0.004544,0.004544,0.004544,0.004544,0.004544,0.004544,0.004544,
20140430,0.001569,0.001569,0.001569,0.001569,0.001569,0.001569,0.001569,0.001569,0.001569,0.001569,0.001569,0.001569,0.001569,0.001569,0.001569,0.001569,0.001569,0.001569,0.001569,0.001569,
20140530,0.020260001,0.020260001,0.020260001,0.020260001,0.020260001,0.020260001,0.020260001,0.020260001,0.020260001,0.020260001,0.020260001,0.020260001,0.020260001,0.020260001,0.020260001,0.020260001,0.020260001,0.020260001,0.020260001,0.020260001,
20140630,0.027991001,0.027991001,0.027991001,0.027991001,0.027991001,0.027991001,0.027991001,0.027991001,0.027991001,0.027991001,0.027991001,0.027991001,0.027991001,0.027991001,0.027991001,0.027991001,0.027991001,0.027991001,0.027991001,0.027991001,
20140731,-0.020567,-0.020567,-0.020567,-0.020567,-0.020567,-0.020567,-0.020567,-0.020567,-0.020567,-0.020567,-0.020567,-0.020567,-0.020567,-0.020567,-0.020567,-0.020567,-0.020567,-0.020567,-0.020567,-0.020567,
20140829,0.040224999,0.040224999,0.040224999,0.040224999,0.040224999,0.040224999,0.040224999,0.040224999,0.040224999,0.040224999,0.040224999,0.040224999,0.040224999,0.040224999,0.040224999,0.040224999,0.040224999,0.040224999,0.040224999,0.040224999,
20140930,-0.025209,-0.025209,-0.025209,-0.025209,-0.025209,-0.025209,-0.025209,-0.025209,-0.025209,-0.025209,-0.025209,-0.025209,-0.025209,-0.025209,-0.025209,-0.025209,-0.025209,-0.025209,-0.025209,-0.025209,
20141031,0.021174001,0.021174001,0.021174001,0.021174001,0.021174001,0.021174001,0.021174001,0.021174001,0.021174001,0.021174001,0.021174001,0.021174001,0.021174001,0.021174001,0.021174001,0.021174001,0.021174001,0.021174001,0.021174001,0.021174001,
20141128,0.021113999,0.021113999,0.021113999,0.021113999,0.021113999,0.021113999,0.021113999,0.021113999,0.021113999,0.021113999,0.021113999,0.021113999,0.021113999,0.021113999,0.021113999,0.021113999,0.021113999,0.021113999,0.021113999,0.021113999,
20141231,-0.003662,-0.003662,-0.003662,-0.003662,-0.003662,-0.003662,-0.003662,-0.003662,-0.003662,-0.003662,-0.003662,-0.003662,-0.003662,-0.003662,-0.003662,-0.003662,-0.003662,-0.003662,-0.003662,-0.003662,
20150130,-0.027207,-0.027207,-0.027207,-0.027207,-0.027207,-0.027207,-0.027207,-0.027207,-0.027207,-0.027207,-0.027207,-0.027207,-0.027207,-0.027207,-0.027207,-0.027207,-0.027207,-0.027207,-0.027207,-0.027207,
20150227,0.055973999,0.055973999,0.055973999,0.055973999,0.055973999,0.055973999,0.055973999,0.055973999,0.055973999,0.055973999,0.055973999,0.055973999,0.055973999,0.055973999,0.055973999,0.055973999,0.055973999,0.055973999,0.055973999,0.055973999,
20150331,-0.01041,-0.01041,-0.01041,-0.01041,-0.01041,-0.01041,-0.01041,-0.01041,-0.01041,-0.01041,-0.01041,-0.01041,-0.01041,-0.01041,-0.01041,-0.01041,-0.01041,-0.01041,-0.01041,-0.01041,
20150430,0.008776,0.008776,0.008776,0.008776,0.008776,0.008776,0.008776,0.008776,0.008776,0.008776,0.008776,0.008776,0.008776,0.008776,0.008776,0.008776,0.008776,0.008776,0.008776,0.008776,
20150529,0.01029,0.01029,0.01029,0.01029,0.01029,0.01029,0.01029,0.01029,0.01029,0.01029,0.01029,0.01029,0.01029,0.01029,0.01029,0.01029,0.01029,0.01029,0.01029,0.01029,
20150630,-0.019238001,-0.019238001,-0.019238001,-0.019238001,-0.019238001,-0.019238001,-0.019238001,-0.019238001,-0.019238001,-0.019238001,-0.019238001,-0.019238001,-0.019238001,-0.019238001,-0.019238001,-0.019238001,-0.019238001,-0.019238001,-0.019238001,-0.019238001,
20150731,0.01211,0.01211,0.01211,0.01211,0.01211,0.01211,0.01211,0.01211,0.01211,0.01211,0.01211,0.01211,0.01211,0.01211,0.01211,0.01211,0.01211,0.01211,0.01211,0.01211,
20150831,-0.059982002,-0.059982002,-0.059982002,-0.059982002,-0.059982002,-0.059982002,-0.059982002,-0.059982002,-0.059982002,-0.059982002,-0.059982002,-0.059982002,-0.059982002,-0.059982002,-0.059982002,-0.059982002,-0.059982002,-0.059982002,-0.059982002,-0.059982002,
20150930,-0.033792999,-0.033792999,-0.033792999,-0.033792999,-0.033792999,-0.033792999,-0.033792999,-0.033792999,-0.033792999,-0.033792999,-0.033792999,-0.033792999,-0.033792999,-0.033792999,-0.033792999,-0.033792999,-0.033792999,-0.033792999,-0.033792999,-0.033792999,
20151030,0.074005999,0.074005999,0.074005999,0.074005999,0.074005999,0.074005999,0.074005999,0.074005999,0.074005999,0.074005999,0.074005999,0.074005999,0.074005999,0.074005999,0.074005999,0.074005999,0.074005999,0.074005999,0.074005999,0.074005999,
20151130,0.00241,0.00241,0.00241,0.00241,0.00241,0.00241,0.00241,0.00241,0.00241,0.00241,0.00241,0.00241,0.00241,0.00241,0.00241,0.00241,0.00241,0.00241,0.00241,0.00241,
20151231,-0.022227,-0.022227,-0.022227,-0.022227,-0.022227,-0.022227,-0.022227,-0.022227,-0.022227,-0.022227,-0.022227,-0.022227,-0.022227,-0.022227,-0.022227,-0.022227,-0.022227,-0.022227,-0.022227,-0.022227,
20160129,-0.057147998,-0.057147998,-0.057147998,-0.057147998,-0.057147998,-0.057147998,-0.057147998,-0.057147998,-0.057147998,-0.057147998,-0.057147998,-0.057147998,-0.057147998,-0.057147998,-0.057147998,-0.057147998,-0.057147998,-0.057147998,-0.057147998,-0.057147998,
20160229,0.000613,0.000613,0.000613,0.000613,0.000613,0.000613,0.000613,0.000613,0.000613,0.000613,0.000613,0.000613,0.000613,0.000613,0.000613,0.000613,0.000613,0.000613,0.000613,0.000613,
20160331,0.070554003,0.070554003,0.070554003,0.070554003,0.070554003,0.070554003,0.070554003,0.070554003,0.070554003,0.070554003,0.070554003,0.070554003,0.070554003,0.070554003,0.070554003,0.070554003,0.070554003,0.070554003,0.070554003,0.070554003,
20160429,0.011725,0.011725,0.011725,0.011725,0.011725,0.011725,0.011725,0.011725,0.011725,0.011725,0.011725,0.011725,0.011725,0.011725,0.011725,0.011725,0.011725,0.011725,0.011725,0.011725,
20160531,0.014354,0.014354,0.014354,0.014354,0.014354,0.014354,0.014354,0.014354,0.014354,0.014354,0.014354,0.014354,0.014354,0.014354,0.014354,0.014354,0.014354,0.014354,0.014354,0.014354,
20160630,0.002929,0.002929,0.002929,0.002929,0.002929,0.002929,0.002929,0.002929,0.002929,0.002929,0.002929,0.002929,0.002929,0.002929,0.002929,0.002929,0.002929,0.002929,0.002929,0.002929,
20160729,0.038849,0.038849,0.038849,0.038849,0.038849,0.038849,0.038849,0.038849,0.038849,0.038849,0.038849,0.038849,0.038849,0.038849,0.038849,0.038849,0.038849,0.038849,0.038849,0.038849,
20160831,0.002806,0.002806,0.002806,0.002806,0.002806,0.002806,0.002806,0.002806,0.002806,0.002806,0.002806,0.002806,0.002806,0.002806,0.002806,0.002806,0.002806,0.002806,0.002806,0.002806,
20160930,0.003015,0.003015,0.003015,0.003015,0.003015,0.003015,0.003015,0.003015,0.003015,0.003015,0.003015,0.003015,0.003015,0.003015,0.003015,0.003015,0.003015,0.003015,0.003015,0.003015,
20161031,-0.021566,-0.021566,-0.021566,-0.021566,-0.021566,-0.021566,-0.021566,-0.021566,-0.021566,-0.021566,-0.021566,-0.021566,-0.021566,-0.021566,-0.021566,-0.021566,-0.021566,-0.021566,-0.021566,-0.021566,
20161130,0.040543001,0.040543001,0.040543001,0.040543001,0.040543001,0.040543001,0.040543001,0.040543001,0.040543001,0.040543001,0.040543001,0.040543001,0.040543001,0.040543001,0.040543001,0.040543001,0.040543001,0.040543001,0.040543001,0.040543001,
20161230,0.018772,0.018772,0.018772,0.018772,0.018772,0.018772,0.018772,0.018772,0.018772,0.018772,0.018772,0.018772,0.018772,0.018772,0.018772,0.018772,0.018772,0.018772,0.018772,0.018772,
20170131,0.022173,0.022173,0.022173,0.022173,0.022173,0.022173,0.022173,0.022173,0.022173,0.022173,0.022173,0.022173,0.022173,0.022173,0.022173,0.022173,0.022173,0.022173,0.022173,0.022173,
20170228,0.032623,0.032623,0.032623,0.032623,0.032623,0.032623,0.032623,0.032623,0.032623,0.032623,0.032623,0.032623,0.032623,0.032623,0.032623,0.032623,0.032623,0.032623,0.032623,0.032623,
20170331,0.002064,0.002064,0.002064,0.002064,0.002064,0.002064,0.002064,0.002064,0.002064,0.002064,0.002064,0.002064,0.002064,0.002064,0.002064,0.002064,0.002064,0.002064,0.002064,0.002064,
20170428,0.009657,0.009657,0.009657,0.009657,0.009657,0.009657,0.009657,0.009657,0.009657,0.009657,0.009657,0.009657,0.009657,0.009657,0.009657,0.009657,0.009657,0.009657,0.009657,0.009657,
20170531,0.009335,0.009335,0.009335,0.009335,0.009335,0.009335,0.009335,0.009335,0.009335,0.009335,0.009335,0.009335,0.009335,0.009335,0.009335,0.009335,0.009335,0.009335,0.009335,0.009335,
20170630,0.00958,0.00958,0.00958,0.00958,0.00958,0.00958,0.00958,0.00958,0.00958,0.00958,0.00958,0.00958,0.00958,0.00958,0.00958,0.00958,0.00958,0.00958,0.00958,0.00958,
20170731,0.020293999,0.020293999,0.020293999,0.020293999,0.020293999,0.020293999,0.020293999,0.020293999,0.020293999,0.020293999,0.020293999,0.020293999,0.020293999,0.020293999,0.020293999,0.020293999,0.020293999,0.020293999,0.020293999,0.020293999,
20170831,0.001593,0.001593,0.001593,0.001593,0.001593,0.001593,0.001593,0.001593,0.001593,0.001593,0.001593,0.001593,0.001593,0.001593,0.001593,0.001593,0.001593,0.001593,0.001593,0.001593,
20170929,0.023758,0.023758,0.023758,0.023758,0.023758,0.023758,0.023758,0.023758,0.023758,0.023758,0.023758,0.023758,0.023758,0.023758,0.023758,0.023758,0.023758,0.023758,0.023758,0.023758,
20171031,0.019293999,0.019293999,0.019293999,0.019293999,0.019293999,0.019293999,0.019293999,0.019293999,0.019293999,0.019293999,0.019293999,0.019293999,0.019293999,0.019293999,0.019293999,0.019293999,0.019293999,0.019293999,0.019293999,0.019293999,
20171130,0.02726,0.02726,0.02726,0.02726,0.02726,0.02726,0.02726,0.02726,0.02726,0.02726,0.02726,0.02726,0.02726,0.02726,0.02726,0.02726,0.02726,0.02726,0.02726,0.02726,
20171229,0.012129,0.012129,0.012129,0.012129,0.012129,0.012129,0.012129,0.012129,0.012129,0.012129,0.012129,0.012129,0.012129,0.012129,0.012129,0.012129,0.012129,0.012129,0.012129,0.012129,
20180131,0.050638001,0.050638001,0.050638001,0.050638001,0.050638001,0.050638001,0.050638001,0.050638001,0.050638001,0.050638001,0.050638001,0.050638001,0.050638001,0.050638001,0.050638001,0.050638001,0.050638001,0.050638001,0.050638001,0.050638001,
20180228,-0.039480999,-0.039480999,-0.039480999,-0.039480999,-0.039480999,-0.039480999,-0.039480999,-0.039480999,-0.039480999,-0.039480999,-0.039480999,-0.039480999,-0.039480999,-0.039480999,-0.039480999,-0.039480999,-0.039480999,-0.039480999,-0.039480999,-0.039480999,
20180329,-0.018445,-0.018445,-0.018445,-0.018445,-0.018445,-0.018445,-0.018445,-0.018445,-0.018445,-0.018445,-0.018445,-0.018445,-0.018445,-0.018445,-0.018445,-0.018445,-0.018445,-0.018445,-0.018445,-0.018445,
20180430,0.004692,0.004692,0.004692,0.004692,0.004692,0.004692,0.004692,0.004692,0.004692,0.004692,0.004692,0.004692,0.004692,0.004692,0.004692,0.004692,0.004692,0.004692,0.004692,0.004692,
20180531,0.026164001,0.026164001,0.026164001,0.026164001,0.026164001,0.026164001,0.026164001,0.026164001,0.026164001,0.026164001,0.026164001,0.026164001,0.026164001,0.026164001,0.026164001,0.026164001,0.026164001,0.026164001,0.026164001,0.026164001,
20180629,0.005365,0.005365,0.005365,0.005365,0.005365,0.005365,0.005365,0.005365,0.005365,0.005365,0.005365,0.005365,0.005365,0.005365,0.005365,0.005365,0.005365,0.005365,0.005365,0.005365,
20180731,0.031603999,0.031603999,0.031603999,0.031603999,0.031603999,0.031603999,0.031603999,0.031603999,0.031603999,0.031603999,0.031603999,0.031603999,0.031603999,0.031603999,0.031603999,0.031603999,0.031603999,0.031603999,0.031603999,0.031603999,
20180831,0.030232999,0.030232999,0.030232999,0.030232999,0.030232999,0.030232999,0.030232999,0.030232999,0.030232999,0.030232999,0.030232999,0.030232999,0.030232999,0.030232999,0.030232999,0.030232999,0.030232999,0.030232999,0.030232999,0.030232999,
20180928,0.000425,0.000425,0.000425,0.000425,0.000425,0.000425,0.000425,0.000425,0.000425,0.000425,0.000425,0.000425,0.000425,0.000425,0.000425,0.000425,0.000425,0.000425,0.000425,0.000425,
20181031,-0.074045002,-0.074045002,-0.074045002,-0.074045002,-0.074045002,-0.074045002,-0.074045002,-0.074045002,-0.074045002,-0.074045002,-0.074045002,-0.074045002,-0.074045002,-0.074045002,-0.074045002,-0.074045002,-0.074045002,-0.074045002,-0.074045002,-0.074045002,
20181130,0.018511999,0.018511999,0.018511999,0.018511999,0.018511999,0.018511999,0.018511999,0.018511999,0.018511999,0.018511999,0.018511999,0.018511999,0.018511999,0.018511999,0.018511999,0.018511999,0.018511999,0.018511999,0.018511999,0.018511999,
20181231,-0.089890003,-0.089890003,-0.089890003,-0.089890003,-0.089890003,-0.089890003,-0.089890003,-0.089890003,-0.089890003,-0.089890003,-0.089890003,-0.089890003,-0.089890003,-0.089890003,-0.089890003,-0.089890003,-0.089890003,-0.089890003,-0.089890003,-0.089890003,
20190131,0.088293999,0.088293999,0.088293999,0.088293999,0.088293999,0.088293999,0.088293999,0.088293999,0.088293999,0.088293999,0.088293999,0.088293999,0.088293999,0.088293999,0.088293999,0.088293999,0.088293999,0.088293999,0.088293999,0.088293999,
20190228,0.032724001,0.032724001,0.032724001,0.032724001,0.032724001,0.032724001,0.032724001,0.032724001,0.032724001,0.032724001,0.032724001,0.032724001,0.032724001,0.032724001,0.032724001,0.032724001,0.032724001,0.032724001,0.032724001,0.032724001,
20190329,0.012962,0.012962,0.012962,0.012962,0.012962,0.012962,0.012962,0.012962,0.012962,0.012962,0.012962,0.012962,0.012962,0.012962,0.012962,0.012962,0.012962,0.012962,0.012962,0.012962,
20190430,0.037893001,0.037893001,0.037893001,0.037893001,0.037893001,0.037893001,0.037893001,0.037893001,0.037893001,0.037893001,0.037893001,0.037893001,0.037893001,0.037893001,0.037893001,0.037893001,0.037893001,0.037893001,0.037893001,0.037893001,
20190531,-0.061678998,-0.061678998,-0.061678998,-0.061678998,-0.061678998,-0.061678998,-0.061678998,-0.061678998,-0.061678998,-0.061678998,-0.061678998,-0.061678998,-0.061678998,-0.061678998,-0.061678998,-0.061678998,-0.061678998,-0.061678998,-0.061678998,-0.061678998,
20190628,0.067279004,0.067279004,0.067279004,0.067279004,0.067279004,0.067279004,0.067279004,0.067279004,0.067279004,0.067279004,0.067279004,0.067279004,0.067279004,0.067279004,0.067279004,0.067279004,0.067279004,0.067279004,0.067279004,0.067279004,
20190731,0.011854,0.011854,0.011854,0.011854,0.011854,0.011854,0.011854,0.011854,0.011854,0.011854,0.011854,0.011854,0.011854,0.011854,0.011854,0.011854,0.011854,0.011854,0.011854,0.011854,
20190830,-0.020338999,-0.020338999,-0.020338999,-0.020338999,-0.020338999,-0.020338999,-0.020338999,-0.020338999,-0.020338999,-0.020338999,-0.020338999,-0.020338999,-0.020338999,-0.020338999,-0.020338999,-0.020338999,-0.020338999,-0.020338999,-0.020338999,-0.020338999,
20190930,0.016032999,0.016032999,0.016032999,0.016032999,0.016032999,0.016032999,0.016032999,0.016032999,0.016032999,0.016032999,0.016032999,0.016032999,0.016032999,0.016032999,0.016032999,0.016032999,0.016032999,0.016032999,0.016032999,0.016032999,
20191031,0.019255999,0.019255999,0.019255999,0.019255999,0.019255999,0.019255999,0.019255999,0.019255999,0.019255999,0.019255999,0.019255999,0.019255999,0.019255999,0.019255999,0.019255999,0.019255999,0.019255999,0.019255999,0.019255999,0.019255999,
20191129,0.034997001,0.034997001,0.034997001,0.034997001,0.034997001,0.034997001,0.034997001,0.034997001,0.034997001,0.034997001,0.034997001,0.034997001,0.034997001,0.034997001,0.034997001,0.034997001,0.034997001,0.034997001,0.034997001,0.034997001,
20191231,0.028491,0.028491,0.028491,0.028491,0.028491,0.028491,0.028491,0.028491,0.028491,0.028491,0.028491,0.028491,0.028491,0.028491,0.028491,0.028491,0.028491,0.028491,0.028491,0.028491,
20200131,-0.001728,-0.001728,-0.001728,-0.001728,-0.001728,-0.001728,-0.001728,-0.001728,-0.001728,-0.001728,-0.001728,-0.001728,-0.001728,-0.001728,-0.001728,-0.001728,-0.001728,-0.001728,-0.001728,-0.001728,
20200228,-0.077918001,-0.077918001,-0.077918001,-0.077918001,-0.077918001,-0.077918001,-0.077918001,-0.077918001,-0.077918001,-0.077918001,-0.077918001,-0.077918001,-0.077918001,-0.077918001,-0.077918001,-0.077918001,-0.077918001,-0.077918001,-0.077918001,-0.077918001,
20200331,-0.141733006,-0.141733006,-0.141733006,-0.141733006,-0.141733006,-0.141733006,-0.141733006,-0.141733006,-0.141733006,-0.141733006,-0.141733006,-0.141733006,-0.141733006,-0.141733006,-0.141733006,-0.141733006,-0.141733006,-0.141733006,-0.141733006,-0.141733006,
20200430,0.129674003,0.129674003,0.129674003,0.129674003,0.129674003,0.129674003,0.129674003,0.129674003,0.129674003,0.129674003,0.129674003,0.129674003,0.129674003,0.129674003,0.129674003,0.129674003,0.129674003,0.129674003,0.129674003,0.129674003,
20200529,0.053739,0.053739,0.053739,0.053739,0.053739,0.053739,0.053739,0.053739,0.053739,0.053739,0.053739,0.053739,0.053739,0.053739,0.053739,0.053739,0.053739,0.053739,0.053739,0.053739,
20200630,0.025299,0.025299,0.025299,0.025299,0.025299,0.025299,0.025299,0.025299,0.025299,0.025299,0.025299,0.025299,0.025299,0.025299,0.025299,0.025299,0.025299,0.025299,0.025299,0.025299,
20200731,0.055528998,0.055528998,0.055528998,0.055528998,0.055528998,0.055528998,0.055528998,0.055528998,0.055528998,0.055528998,0.055528998,0.055528998,0.055528998,0.055528998,0.055528998,0.055528998,0.055528998,0.055528998,0.055528998,0.055528998,
20200831,0.068442002,0.068442002,0.068442002,0.068442002,0.068442002,0.068442002,0.068442002,0.068442002,0.068442002,0.068442002,0.068442002,0.068442002,0.068442002,0.068442002,0.068442002,0.068442002,0.068442002,0.068442002,0.068442002,0.068442002,
20200930,-0.035055999,-0.035055999,-0.035055999,-0.035055999,-0.035055999,-0.035055999,-0.035055999,-0.035055999,-0.035055999,-0.035055999,-0.035055999,-0.035055999,-0.035055999,-0.035055999,-0.035055999,-0.035055999,-0.035055999,-0.035055999,-0.035055999,-0.035055999,
20201030,-0.020178,-0.020178,-0.020178,-0.020178,-0.020178,-0.020178,-0.020178,-0.020178,-0.020178,-0.020178,-0.020178,-0.020178,-0.020178,-0.020178,-0.020178,-0.020178,-0.020178,-0.020178,-0.020178,-0.020178,
20201130,0.123706996,0.123706996,0.123706996,0.123706996,0.123706996,0.123706996,0.123706996,0.123706996,0.123706996,0.123706996,0.123706996,0.123706996,0.123706996,0.123706996,0.123706996,0.123706996,0.123706996,0.123706996,0.123706996,0.123706996,
20201231,0.045047998,0.045047998,0.045047998,0.045047998,0.045047998,0.045047998,0.045047998,0.045047998,0.045047998,0.045047998,0.045047998,0.045047998,0.045047998,0.045047998,0.045047998,0.045047998,0.045047998,0.045047998,0.045047998,0.045047998,
20210129,-0.000631,-0.000631,-0.000631,-0.000631,-0.000631,-0.000631,-0.000631,-0.000631,-0.000631,-0.000631,-0.000631,-0.000631,-0.000631,-0.000631,-0.000631,-0.000631,-0.000631,-0.000631,-0.000631,-0.000631,
20210226,0.029196,0.029196,0.029196,0.029196,0.029196,0.029196,0.029196,0.029196,0.029196,0.029196,0.029196,0.029196,0.029196,0.029196,0.029196,0.029196,0.029196,0.029196,0.029196,0.029196,
20210331,0.030572999,0.030572999,0.030572999,0.030572999,0.030572999,0.030572999,0.030572999,0.030572999,0.030572999,0.030572999,0.030572999,0.030572999,0.030572999,0.030572999,0.030572999,0.030572999,0.030572999,0.030572999,0.030572999,0.030572999,
20210430,0.048190001,0.048190001,0.048190001,0.048190001,0.048190001,0.048190001,0.048190001,0.048190001,0.048190001,0.048190001,0.048190001,0.048190001,0.048190001,0.048190001,0.048190001,0.048190001,0.048190001,0.048190001,0.048190001,0.048190001,
20210528,0.007092,0.007092,0.007092,0.007092,0.007092,0.007092,0.007092,0.007092,0.007092,0.007092,0.007092,0.007092,0.007092,0.007092,0.007092,0.007092,0.007092,0.007092,0.007092,0.007092,
20210630,0.023422001,0.023422001,0.023422001,0.023422001,0.023422001,0.023422001,0.023422001,0.023422001,0.023422001,0.023422001,0.023422001,0.023422001,0.023422001,0.023422001,0.023422001,0.023422001,0.023422001,0.023422001,0.023422001,0.023422001,
20210730,0.011828,0.011828,0.011828,0.011828,0.011828,0.011828,0.011828,0.011828,0.011828,0.011828,0.011828,0.011828,0.011828,0.011828,0.011828,0.011828,0.011828,0.011828,0.011828,0.011828,
20210831,0.027147001,0.027147001,0.027147001,0.027147001,0.027147001,0.027147001,0.027147001,0.027147001,0.027147001,0.027147001,0.027147001,0.027147001,0.027147001,0.027147001,0.027147001,0.027147001,0.027147001,0.027147001,0.027147001,0.027147001,
20210930,-0.042243,-0.042243,-0.042243,-0.042243,-0.042243,-0.042243,-0.042243,-0.042243,-0.042243,-0.042243,-0.042243,-0.042243,-0.042243,-0.042243,-0.042243,-0.042243,-0.042243,-0.042243,-0.042243,-0.042243,
20211029,0.064657003,0.064657003,0.064657003,0.064657003,0.064657003,0.064657003,0.064657003,0.064657003,0.064657003,0.064657003,0.064657003,0.064657003,0.064657003,0.064657003,0.064657003,0.064657003,0.064657003,0.064657003,0.064657003,0.064657003,
20211130,-0.018347001,-0.018347001,-0.018347001,-0.018347001,-0.018347001,-0.018347001,-0.018347001,-0.018347001,-0.018347001,-0.018347001,-0.018347001,-0.018347001,-0.018347001,-0.018347001,-0.018347001,-0.018347001,-0.018347001,-0.018347001,-0.018347001,-0.018347001,
20211231,0.033344999,0.033344999,0.033344999,0.033344999,0.033344999,0.033344999,0.033344999,0.033344999,0.033344999,0.033344999,0.033344999,0.033344999,0.033344999,0.033344999,0.033344999,0.033344999,0.033344999,0.033344999,0.033344999,0.033344999,
